date,MKT_RF,SMB,HML,WML
2014-01-31,-0.004369489595467058,-0.013561115546169983,-0.0362836944562395,0.0505720771726227
2014-02-28,-0.05572370136348686,0.0001280435425308037,-0.014855379886770773,0.018943294897141746
2014-03-31,-0.022109618180505046,-0.001087318427880117,-0.006142494105324261,0.04952728118074594
2014-04-30,0.08054868692655745,-0.006478851532210705,0.0059137005802878395,0.04455822309082469
2014-05-30,0.04832262410344765,0.0062727675503882,0.0076467952852769475,-0.0003488327480191617
2014-06-30,0.024632881383687834,0.01823693891593018,0.047853414228473994,-0.001730334240346301
2014-07-31,-0.02625824101420557,0.04220296110609304,0.004643248276597477,0.06935475261991482
2014-08-29,0.00816403197382001,-0.0450776838218339,0.032803835275505414,0.02091361195794423
2014-09-30,-0.04850509085481168,-0.013310286214183622,0.0018987786299423696,-0.018656324600549196
2014-10-31,-0.016837159406323313,-0.011433142760567295,0.04356930112552131,-0.03959992014157319
2014-11-28,-0.0030341503758337766,0.03013550892085118,-0.049371129404921624,0.031180514777527757
2014-12-31,-0.008273796933934582,-0.008699891832200317,-0.013764489466996023,0.014127063733902448
2015-01-30,0.051047086897520536,-0.054855267792379564,0.03052493509525874,-0.02081206675790008
2015-02-27,-0.05584266613159535,0.0046319139159972916,-0.0018046881471880357,0.02381407424836024
2015-03-31,-0.030944452218181935,0.0009893230537718258,0.02908282917486304,0.013003566769155355
2015-04-30,-0.05386095869599986,0.007392546973139457,0.01378185087776359,-0.050505617390567234
2015-05-29,-0.047680894570953425,-0.029204886429384458,0.029484555543964956,0.01643946625158253
2015-06-30,0.013582515340099199,0.053571040432535105,0.020165896384807612,0.05179440383440732
2015-07-31,-0.06401982398753223,-0.007715793513560387,0.021862170146785008,0.09880406841666511
2015-08-31,0.04192409504769365,-0.003648905754810006,0.044788750840243405,0.02000729744060792
2015-09-30,-0.003106709962348398,-0.025000257094274822,0.030621272523626317,0.01491118299524977
2015-10-30,0.011095474963668988,-0.02593006011624171,0.03082658779981947,0.060860968827270816
2015-11-30,0.02251595320987417,-0.034682108792463556,0.003571725245996145,0.018865702399930913
2015-12-31,-0.011537493411321598,-0.009799325553434705,-0.013291805874872425,0.016191478704707014
2016-01-29,0.05446158720890199,-0.026727455162699018,-0.015467682471624299,-0.015012303502933533
2016-02-29,-0.0007454227027435759,0.06369402023675665,0.024026448721311048,-0.04566059935768847
2016-03-31,0.03473316148575815,-0.05465477141160445,-0.06527689579326067,0.028182299914221814
2016-04-29,-0.0009600572240763498,-0.03184991644545381,-0.03360098927252,-0.03507404306448303
2016-05-31,0.021089347434121553,-0.010042432853710441,-0.02397110320460612,0.0375212058005413
2016-06-30,0.020584820157108264,0.02220473834294974,-0.003933398603421278,-0.017169448132099235
2016-07-29,0.0192486472754989,-0.010412706441401872,-0.07068026503063335,0.010442537365727278
2016-08-31,-0.035843853232941376,0.022278901790089324,0.03824419647250131,-0.0070908582613226296
2016-09-30,0.0276144096746348,-0.027604116678709656,0.019804906617228626,0.042872779351351184
2016-10-31,-0.0063530645094818095,0.0037787340168412027,0.05856830715683986,0.020659694577726432
2016-11-30,0.036371961372046305,0.05432123261032501,0.032742005129837895,0.07370819617190179
2016-12-30,-0.08886220499855368,-0.027032331870984333,0.03185062127225678,-0.02178881167244051
2017-01-31,-0.05793022999247279,0.014587030276861835,0.06601892886886429,0.014803023021349658
2017-02-28,0.024355050296076288,0.008207825578497804,-0.012986826432008037,0.00783007740404497
2017-03-31,0.09183174132973529,-0.0655460495796361,-0.03909683517898304,0.01469259303334212
2017-04-28,0.045577643606505645,-0.015669116394120365,-0.0035060071017967154,0.06046520878975657
2017-05-31,-0.02271029203899912,0.03593455715917968,-0.020099777507720493,0.032970594341601205
2017-06-30,-0.06814235869200802,0.006052330174540961,-0.00419167010868452,-0.030070274743784868
2017-07-31,0.041420879952272824,-0.03436806888688191,-0.02640613172722653,0.017628826611986455
2017-08-31,0.004373755008067214,0.022723318187469282,0.018900641888711916,-0.007486734797497555
2017-09-29,0.03458168980524734,-0.01237368835943058,0.017363519788764277,-0.013217079202031507
2017-10-31,0.013188442499485597,0.012801521842425103,0.002246167464088372,0.03757658727282981
2017-11-30,0.009333931630422286,0.013307603433128918,0.01172428209472064,-0.010843071331967304
2017-12-29,0.14113814506519293,-0.03156086803436718,-0.0009774203596171222,-0.010537291837519705
2018-01-31,0.007724151752948946,0.02569484104202896,0.024056942711483873,0.003521252874103646
2018-02-28,0.0008339655836030824,-0.028225264037055282,0.004949940985589967,0.03669850842045874
2018-03-30,0.002534809606819008,-0.037173575990249196,-0.004432477497081651,0.029278829560349245
2018-04-30,-0.01825915225184456,-0.02448486963166111,0.029028365158395904,0.0004217174288447603
2018-05-31,0.052555980262189064,-0.008382701015895833,0.03830299553834932,-0.0051907422190446565
2018-06-29,-0.007918945020160714,0.005282094693237871,0.04044870711795395,-0.03622301982499668
2018-07-31,0.03661742175400652,-0.0211775119711732,-0.024727691300945494,-0.027267845985900048
2018-08-31,0.020807136341610036,0.02434457937185347,-0.011964521825167527,-0.022339133815781776
2018-09-28,0.06285436379595918,0.009543925521307827,-0.044641890652935376,-0.004426762091780416
2018-10-31,0.02690808186447626,-0.018843946453165082,-0.0036798205097009727,0.07088592894998445
2018-11-30,-0.046602315142644124,0.028669787527845665,0.01465146680537352,-0.008333071406241016
2018-12-31,-0.05169195032742733,0.03683205072939451,-0.0007184328863352966,-0.007308149019727866
2019-01-31,0.07137661157346056,-0.0009605409042854037,0.05706382427735246,-0.06687776812216378
2019-02-28,-0.01939198614689988,-0.004449491348916726,-0.008363614503117994,0.014387751988232682
2019-03-29,-0.051427116090534346,-0.05121314059769055,-0.027478239553690016,-0.04747509619188328
2019-04-30,-0.022132836994139125,-0.010225377771744067,0.018918117786700515,-0.03394530818237064
2019-05-31,0.06490813791356032,-0.006745201376960953,0.007198147197948492,0.03434760629963817
2019-06-28,-0.05590958495268305,0.009361382217790759,0.018389992682410792,-0.062415425660738995
2019-07-31,-0.030992284169182427,-0.003052792948914182,0.011506062062013312,-0.002101019827672689
2019-08-30,-0.022006337895843373,0.009320808144214838,0.009825441294864463,0.030916455012463408
2019-09-30,-0.04830354430629378,0.04802270867911594,-0.05642436872519257,0.06050257229083896
2019-10-31,-0.04529473023302487,-0.013897422959010296,-0.017331192770485688,-0.01820777984502102
2019-11-29,-0.06031485888686463,-0.012729168476975404,-0.013529097702680203,-0.019948011884908565
2019-12-31,-0.012753433591152493,-0.037274959429077444,-0.006743001462177939,0.06235863321295216
2020-01-31,-0.007970897428303824,0.001740185997752433,-0.009554965876906355,0.0125017500661685
2020-02-28,-0.022714216939148765,0.031304389474088305,0.014558925327255348,-0.019157711255243567
2020-03-31,-0.06641640275354385,-0.05053211047577109,0.01982471024337654,-0.02326817515673226
2020-04-30,0.0644001176085198,-0.017975709010581625,-0.02868594594903227,-0.03255714127480368
2020-05-29,-0.05180854731274722,0.003078215075117556,0.022230523390250983,-0.01583242617570431
2020-06-30,0.020511517041029194,0.027503086505733118,0.019401507882677988,0.038624632272922066
2020-07-31,-0.04036449669034938,0.013486107170805957,0.016041561849070064,0.039977741172436076
2020-08-31,0.03807425900336875,0.011763908845463918,-0.03670104566483074,-0.0299285291201963
2020-09-30,0.0510124559825224,-0.004729383579127027,0.015336304408091982,0.006806647171914545
2020-10-30,-0.03149261139824448,0.016456227710561454,0.005312671747015564,-0.008652433916678422
2020-11-30,-0.07856720783637067,0.03242911650600383,0.02990464210598763,0.029305108652049272
2020-12-31,0.039310429361282345,-0.04926975329647609,0.052961990268436496,0.0030795355720112123
2021-01-29,0.09241102460211359,0.023856062025054012,0.047465900796639336,0.017093769516993765
2021-02-26,0.026706254295159527,-0.0009627941760013965,0.006154036822717986,0.0011714883909600873
2021-03-31,0.015224498966587311,-0.013899665926435429,0.002947508631678424,-0.07018519838305556
2021-04-30,0.04488922743245851,-0.07129227357637945,0.020694551952261317,-0.004929696614924424
2021-05-31,0.042427468069865804,-0.039410539709628975,-0.028221118695744334,-0.03997885077626162
2021-06-30,-0.029304497519245465,0.05294176976741752,-0.03761912796493441,0.023405538380573365
2021-07-30,-0.021661808981349145,-0.01865645597390663,-0.010230856576699962,-0.015603317584506785
2021-08-31,0.035500559752515995,-0.03054306313759246,0.03717592958400677,-0.01891092794415766
2021-09-30,0.0015193993633868296,-0.011692778684307773,-0.00627159235190921,0.0008606647579580636
2021-10-29,0.06724725181385985,-0.020354416655757795,0.045072265362664184,0.02377409415732265
2021-11-30,-0.023695396620794125,0.005730758978567462,-0.07506716072638006,0.0017948243184280213
2021-12-31,0.041777446259081655,0.04750921034739834,-0.04144177995005365,0.06010343789729489
2022-01-31,0.023418709161615252,-0.01559847852556641,-0.0004632845199595767,0.06907532297511171
2022-02-28,0.0023103096330664543,0.006628701516556134,0.027869447157544518,0.07268723058004643
2022-03-31,0.06091598473255732,-0.032417114237207056,0.0010505532358374074,0.006936247952008869
2022-04-29,0.038603218979034334,0.04760499326619596,0.00032172315418761265,-0.045346150314695736
2022-05-31,-0.03722352190219468,0.0076713032724233,-0.0004087618671985765,0.038680746936897124
2022-06-30,0.03680984061889313,-0.03045457369871859,-0.046361136563230085,-0.004353627659657817
2022-07-29,0.06987457841723896,0.02912918660403927,0.03542592848431588,0.004644610459119592
2022-08-31,0.0021299889956919327,0.0379996294574784,-0.016117412155446396,0.02605957506594372
2022-09-30,-0.0031895132673237982,0.006843690902229064,0.033506914402004685,-0.04664190135753862
2022-10-31,-0.02213412164395861,-0.047181909026223275,0.0010253442970542064,0.052393835777674126
2022-11-30,0.007387825144609205,0.055555064405494244,0.032908490845214286,0.04160779455616358
2022-12-30,0.03887903087238095,0.011303675618795785,0.012611223467371854,0.022218402973854613
2023-01-31,-0.02879507348104364,0.0371136289208436,1.3114264369216023e-05,0.0376239299623537
2023-02-28,-0.0525860902331758,-0.01452679615351427,0.00933532611792367,0.02857997583148287
2023-03-31,-0.008908745994186684,-0.009958717742017013,-0.038243373055124125,0.012259152304071076
2023-04-28,-0.05408762403964375,0.005313593278716961,0.0031688211607889803,-0.004625454107304389
2023-05-31,0.03154482985771842,0.0354020503410764,0.051049129019139675,-0.02182465544419226
2023-06-30,-0.011201039649721047,0.00628970084501484,0.03962941979168403,0.010491587234085662
2023-07-31,-0.0709930830047863,-0.035705014376010445,-0.02458066031554602,0.017854642117349794
2023-08-31,-0.007687338163232946,0.009859675903500231,0.01715920383746185,0.04350695560900124
2023-09-29,-0.0006676743607340711,0.05088602583532301,0.00994343677293108,0.017348483637802878
2023-10-31,0.02821110260118726,0.00397418847388494,0.025881271843287427,-0.022406578990868637
2023-11-30,0.001458640558060535,0.005881565713294477,0.005636280794621935,-0.0529529036601166
2023-12-29,0.09209269055779137,-0.03587631228351459,-0.0035381118076428,-0.00828004905735514
