N,Time,MKT_RF,SMB,HML,WML
10,2017-01-31,-0.024518625844597516,0.010897748652760757,0.02937688573952292,0.0014323692835143296
10,2017-02-28,0.017781647951307086,0.0007833443962197072,-0.00029602360778781267,-0.0016398285529109703
10,2017-03-31,0.04432206822559455,-0.036718886186991734,-0.02311494637443493,0.0049759923809815
10,2017-04-30,0.029737884382705502,-0.007401192545143178,-0.0064275965468395275,0.0022786187648526877
10,2017-05-31,-0.012920577081086132,0.027268620860045133,-0.0006002533623078467,0.0027206759851595946
10,2017-06-30,-0.030257432132966167,-0.0038924101457673502,-0.006273317422794488,-0.0024902298583191888
10,2017-07-31,0.02338009810917293,-0.02094085956953772,-0.01595072893894815,-0.0030946576741481256
10,2017-08-31,0.00031903850029175963,0.0066424274805323745,0.010788788860114026,6.929378942122709e-05
10,2017-09-30,0.015097327808302257,-0.012340391943855424,0.0035972213275349395,0.0017905391618565987
10,2017-10-31,0.012952473641001846,0.004383657550652444,-0.0009587885881762409,0.0018263970953152561
10,2017-11-30,0.0035107823722327013,0.007249884458363252,0.004461658965639804,0.0021366897235209218
10,2017-12-31,0.05417173381542731,-0.01612752355289336,0.006200437871794789,0.01160075674040743
10,2018-01-31,0.0005586700608441483,0.018646109803835565,0.01565587352364376,0.001409257709482517
10,2018-02-28,0.005499418118792049,-0.011047525826109897,-0.00812347352796981,0.0023223210413767727
10,2018-03-31,0.005960010305121152,-0.02557184853923816,9.57912513656562e-05,0.0023364170521114388
10,2018-04-30,-0.013316511930962354,-0.019270701151543737,0.022944136367393963,0.006647293049493582
10,2018-05-31,0.020023650077026226,-0.014044613724305125,0.011154501926390156,0.0012398240057000887
10,2018-06-30,-0.009839601602308942,0.006020188970806582,0.015385626738138796,0.0028971635972499894
10,2018-07-31,0.006991836134705392,-0.011087743300978399,-0.007170936341305766,0.00394479707692004
10,2018-08-31,-0.0013461307757873762,0.017558305741584443,0.002118961508995017,0.008531610970827008
10,2018-09-30,0.029670509362231128,0.005419214654739847,-0.030958841458925527,-0.00024259174470041438
10,2018-10-31,0.011804687947636769,-0.011976994415927448,-0.0030074633904999667,0.008595722691115786
10,2018-11-30,-0.02364231520792079,0.017824823042610568,-0.003001877352692583,0.003567917001363071
10,2018-12-31,-0.022180951440269447,0.027349005164635235,-0.005907128108495592,-0.002114634421268766
10,2019-01-31,0.022221509565850273,-0.007555874284542427,0.031050532322962135,0.005100446567444334
10,2019-02-28,-0.0023715662779499264,0.0025959333415668563,-0.004070135299557408,-0.005493466208768311
10,2019-03-31,-0.028981233013078797,-0.032989431901825746,-0.01612102563007046,-0.0063391083103228
10,2019-04-30,-0.01557421129736094,0.006004195529517026,0.01015460880438778,-0.0005706521781899568
10,2019-05-31,0.045624236120776526,-0.007759076489852811,0.003719264474699501,-0.004277519733189392
10,2019-06-30,-0.05337647898944944,0.005711687425927502,0.012875188196923473,0.0081616780613532
10,2019-07-31,-0.011998424836025427,-0.005657237842877397,0.009231739980463729,-0.0028379265051110517
10,2019-08-31,-0.0013523554591230304,0.003313823910603905,0.008474506927179689,-0.006015860069182865
10,2019-09-30,-0.01718647146030493,0.030084691907105172,-0.019239082323579043,-0.0013658519581835067
10,2019-10-31,-0.022385447847148146,-0.009421490574043036,0.006594539985014103,-0.005987933108427211
10,2019-11-30,-0.024000972620876332,-0.013212268163499732,-0.011685607290342667,-0.0031448434199364294
10,2019-12-31,-4.9627658759803906e-05,-0.02838712642680158,0.003828388841137018,-0.0014716198396427583
10,2020-01-31,0.0066266829015420034,-0.006479535928372311,-0.012614628756662034,-0.008501472363121284
10,2020-02-29,-0.01014865533516772,0.01546095265373799,0.0071167796675688805,-0.0024289310807911937
10,2020-03-31,-0.0232030117972123,-0.019707953324563116,0.0043704712278136125,-0.011404487585996194
10,2020-04-30,0.015073741662318906,-0.011856461143028785,-0.012924621634432185,0.008039906425179055
10,2020-05-31,-0.019520938840588448,-0.003972323336025544,0.004403807408610467,-0.005221041068069955
10,2020-06-30,0.017242680361670343,0.017205939563278892,0.007028092854218995,-0.0045162786707325904
10,2020-07-31,-0.018730878031350293,0.009464652345573981,0.015146357015912177,0.0031318636235998704
10,2020-08-31,0.002243281370089211,0.002118735637299593,-0.014368332977276205,0.015195062782455516
10,2020-09-30,0.022331316932785228,-0.0013286855276248277,0.002598113911204327,0.0012273697156344032
10,2020-10-31,-0.020392068962931612,0.010504887121301803,0.00799464979876442,0.0074828064540217116
10,2020-11-30,-0.032811118267600525,0.016501659549237255,0.004813777563904022,0.002587745133920635
10,2020-12-31,0.025108656994471613,-0.028913110292880146,0.020605170766415735,-0.00642299958654967
10,2021-01-31,0.03147535977017372,0.01834016462583077,0.025766123679654158,0.011445498397833464
10,2021-02-28,0.015906355757755102,0.0023348130575990503,0.004917565265279251,0.0006563106132279429
10,2021-03-31,-0.0051455409967959866,-0.015952521250020054,-0.0030924674422574947,0.008480127495386052
10,2021-04-30,0.022423454860178008,-0.032142714488010746,0.01855797380138268,-0.0009954416728811066
10,2021-05-31,0.016118592624261654,-0.024652484854597083,-0.013457850921040354,0.0002677628460948908
10,2021-06-30,-0.013602863183965948,0.025194025081772747,-0.011497273580252014,0.005221813156221897
10,2021-07-31,-0.007030430643412664,-0.021492687938678482,-0.011146399343278442,-0.005696828259077461
10,2021-08-31,0.021632840650807977,-0.022468920654051365,0.0156657573675267,-0.00597106957636478
10,2021-09-30,0.0005861331648047991,-0.013489459308410473,-0.0007474408205632533,0.00046239621878937893
10,2021-10-31,0.025181012645284273,-0.007388048686852377,0.01768110134006084,0.010339247489495018
10,2021-11-30,-0.015472347248411504,-0.0019426732902077313,-0.026790695610061095,0.005645655951759878
10,2021-12-31,0.025963606213926474,0.02458080160677947,-0.0023230595177245717,0.004458856202489327
10,2022-01-31,0.021108286816648877,-0.010616631232771163,-0.008891946640090234,0.0016948033488355231
10,2022-02-28,0.002829890322839764,0.005782149433693917,0.01148134706525459,0.006107590313823798
10,2022-03-31,0.03283902381904344,-0.016360786053411017,-0.0020233027586887774,0.004962936444316148
10,2022-04-30,0.014043452069085355,0.035627080522697654,-0.00618019317587687,0.010701936944607861
10,2022-05-31,-0.019713283295272357,0.011298948925403752,-0.0067922312679273645,0.002976520871593463
10,2022-06-30,0.02116590856306129,-0.02141300712446524,-0.019476524169044246,0.003230017887170454
10,2022-07-31,0.0506005224624253,0.015689130927983953,0.015919187819819356,0.0031229721034189938
10,2022-08-31,0.0024348686758387528,0.030979819941939293,-0.009539815381842462,0.007489181983310492
10,2022-09-30,-0.011247573206630349,0.009038264115324863,0.013045626441212738,0.001505934155685685
10,2022-10-31,0.003606057990906323,-0.025798566424983745,-0.006642066894926196,-0.006750731117329445
10,2022-11-30,0.01237074858872186,0.019929245959838894,0.013980450031074851,0.0036695220776224073
10,2022-12-31,0.030350537791286977,0.004509076405533186,0.008586642088659504,-0.003965582888869346
10,2023-01-31,-0.015444119681523209,0.023045492404737886,0.001222223550101808,-0.003885210823549224
10,2023-02-28,-0.023491220468375314,-0.012184665984098165,0.00039823629085308955,-0.00529628123414475
10,2023-03-31,-0.0003413974247396711,-0.008838844430621346,-0.013702656378407568,-0.0028885814883221274
10,2023-04-30,-0.04407301388895229,0.015913877230719575,-0.001398839754632577,0.0052015139089294235
10,2023-05-31,0.013096873240041839,0.02733356004821872,0.01096672644287443,-0.0032153154917642485
10,2023-06-30,-0.002414738486718976,0.0008569514645025949,0.012792683895717496,0.005892449204521018
10,2023-07-31,-0.04195689198597383,-0.021493123624144357,-0.012897837794634548,0.0028983506945373712
10,2023-08-31,-0.004153639441196505,0.009787487239676061,0.006732857462899904,0.001959192625752908
10,2023-09-30,0.0001337989840106839,0.028357071537972574,0.004448692458397169,-0.0018774545626643756
10,2023-10-31,0.019198804813666967,0.002828198024688656,0.0061602561396435634,0.0037325396208272963
10,2023-11-30,-0.006511597784307457,0.0038750366800096047,0.00477897087854627,-0.002670167814963845
10,2023-12-31,0.06078828651384652,-0.018472149040254737,-0.004557429919954762,0.0028324313716238275
15,2017-01-31,-0.028157620433172013,0.010708485309019399,0.030507687352517455,0.005786667387263872
15,2017-02-28,0.016496130503038137,5.178879720957802e-05,0.0004385962385047007,7.893355891859703e-05
15,2017-03-31,0.04192706542211681,-0.03455844286989925,-0.020964079852256467,0.0076857417826669515
15,2017-04-30,0.030784807241531424,-0.008980310127110485,-0.007893846907187375,0.0007893043190214289
15,2017-05-31,-0.017668665526077626,0.028879910383938938,-5.9647998102253285e-05,0.007838811340833859
15,2017-06-30,-0.028181315257055615,-0.004199886769346482,-0.005056354186140457,-0.004937101648889451
15,2017-07-31,0.0245322460423742,-0.018246206584019403,-0.01559374160054252,-0.002401338772536605
15,2017-08-31,-0.0006781614345080174,0.007617922906435993,0.010409948980530206,-0.0002195255032293848
15,2017-09-30,0.014766163168794751,-0.011964555936962306,0.0038854899163074243,0.0041000983007398305
15,2017-10-31,0.010752528443104398,0.004870588071251048,-0.002122892063033024,0.004003171610591934
15,2017-11-30,0.004521848567920195,0.006647544047161778,0.003216978873372059,0.0014221047349970244
15,2017-12-31,0.05473841524191376,-0.01639712236824306,0.005222965844454232,0.011593883236182939
15,2018-01-31,-0.0021182189832961557,0.018299602789766552,0.016896274072775205,0.003695252015969853
15,2018-02-28,0.006464729121018045,-0.01297094558108234,-0.008514798431009895,0.0021960928896665984
15,2018-03-31,0.007733109877229489,-0.02409383272665486,0.0006574806712923546,0.0007338532529548435
15,2018-04-30,-0.014985628655011152,-0.018841895210390952,0.02162408392373876,0.007934567126667118
15,2018-05-31,0.0223236698536983,-0.01608850040505682,0.009470182470007433,-0.0012117307047476453
15,2018-06-30,-0.01025756650627651,0.005677249579431748,0.015000608184239317,0.0032266547462328956
15,2018-07-31,0.00807647340743969,-0.010262601485168025,-0.006248581518607509,0.002169201960344386
15,2018-08-31,-0.0017676337395825907,0.015727078285444843,0.0004529222100827471,0.009710602529340641
15,2018-09-30,0.029709451407968337,0.005340025902000621,-0.030785972303503936,-0.0007630146901986101
15,2018-10-31,0.013281816011953777,-0.013223426387254208,-0.0014331467306722657,0.007829172713007145
15,2018-11-30,-0.016436598383755337,0.0162699117351631,-0.00191110588495269,-0.0023121681253584804
15,2018-12-31,-0.020775510303923005,0.026166105116188474,-0.0035014314638133707,-0.00221209272720305
15,2019-01-31,0.024263117844560148,-0.007430662236932455,0.029589342562109558,0.0021807689655863804
15,2019-02-28,-0.0019051587696158178,0.0034114988961531693,-0.0035068807766617644,-0.0061928364878366116
15,2019-03-31,-0.03069742732929542,-0.03018638652469723,-0.013570836976644523,-0.005082744100945035
15,2019-04-30,-0.010652736379387155,0.005640847700476222,0.008961354617160003,-0.005233626617804315
15,2019-05-31,0.04341809281960679,-0.0062286119450982265,0.0027917213446596754,-0.002957269357378642
15,2019-06-30,-0.051549251140952074,0.005925557538539811,0.013377680972714485,0.008987842362413711
15,2019-07-31,-0.010724035801965792,-0.007107586762324681,0.007805621679292008,-0.003450128579120034
15,2019-08-31,0.0009284510992081361,0.0031022220226437323,0.007245595366076943,-0.00813860688114045
15,2019-09-30,-0.018969104398718146,0.03063435431262964,-0.019217242529092234,0.0007395176473756207
15,2019-10-31,-0.02256772615789836,-0.008151485318444531,0.0063915803096095914,-0.005121655632000396
15,2019-11-30,-0.02146457210119255,-0.01078901379124617,-0.01223754264441228,-0.006825771956955517
15,2019-12-31,-0.0019083136580072973,-0.02686464873301434,0.0042324529893497855,0.0010598579733010376
15,2020-01-31,0.0031222308976325145,-0.0052196248738722514,-0.010928885395977635,-0.005552503816145306
15,2020-02-29,-0.00935122420154509,0.013626242752232218,0.003795461781001357,-0.0028704894060262213
15,2020-03-31,-0.021899902374994885,-0.01960325572974402,0.004906225169744224,-0.012165230385462154
15,2020-04-30,0.01639361391892254,-0.009482350236387197,-0.01094996474451225,0.0063439852887787855
15,2020-05-31,-0.01854454115576556,-0.004051643563171676,0.003741922683947455,-0.004965568840920581
15,2020-06-30,0.019745007620831465,0.01535903568634141,0.0069422850728779704,-0.007845451607458188
15,2020-07-31,-0.022555477348802977,0.01031713034161899,0.013735059525586613,0.007541334937945614
15,2020-08-31,0.006566781150755478,0.00043411707635474103,-0.010472507300502299,0.011572781588043061
15,2020-09-30,0.02072198042002579,-0.002427200510263006,0.0019479252279020073,0.003377129225911363
15,2020-10-31,-0.018253465207332037,0.0128211951971245,0.00714166088382141,0.005972638206693089
15,2020-11-30,-0.03466826352249593,0.016112152596585928,0.005752548174886655,0.00447909828984722
15,2020-12-31,0.029330593723205147,-0.02866731745722981,0.019351613529996564,-0.011345259278354067
15,2021-01-31,0.03693754517506627,0.016644481877648155,0.021101525769138475,0.008000657163360299
15,2021-02-28,0.015916896476270873,0.0035023803868026535,0.005029349778832141,0.0009818947146217685
15,2021-03-31,-0.006524737159204035,-0.014474902700890436,-0.002956156040936343,0.009109566850539126
15,2021-04-30,0.024957445974875002,-0.02921455379403494,0.01800396270355137,-0.004281245128250961
15,2021-05-31,0.015067177481318467,-0.022893530188232553,-0.012177668726183904,0.000818979932138319
15,2021-06-30,-0.014810048657777311,0.027524691105460197,-0.011137203889211657,0.006401104322420344
15,2021-07-31,-0.005248260355148009,-0.021823359597425984,-0.0075489159270327125,-0.008415457267346972
15,2021-08-31,0.024156311478349082,-0.020610907137797126,0.012575641132522406,-0.009115590705755627
15,2021-09-30,0.005047816962207668,-0.011918453705867471,0.0005593592377872753,-0.004275180218146771
15,2021-10-31,0.025090346126430785,-0.009163625287979723,0.015892032281614767,0.011407447394988179
15,2021-11-30,-0.015341348802314034,0.00044691911388963914,-0.02465723956333848,0.004101924214760196
15,2021-12-31,0.027059263671862045,0.024822115350955593,-0.0062111363627064455,0.002208748503992372
15,2022-01-31,0.0241538298229433,-0.009827022772255094,-0.008564194885233875,0.0002384989435433718
15,2022-02-28,-0.00011857877162856667,0.005245623656105387,0.013873705403116155,0.0068738432645397704
15,2022-03-31,0.032876515867203866,-0.01767104588956508,-0.003102613027890355,0.005243004011400581
15,2022-04-30,0.015545623590444785,0.031104704188489783,-0.0060269506136799,0.009286801152277906
15,2022-05-31,-0.017719785467514758,0.011381999617895667,-0.00680455187627646,0.000516187672314442
15,2022-06-30,0.02141552551487503,-0.022448030059163616,-0.017372110686988053,0.00258433231216223
15,2022-07-31,0.04699208417894436,0.013023293657328952,0.01740168359557931,0.0029630986998554465
15,2022-08-31,0.006176399433197584,0.031218358872855394,-0.007105497083667064,0.0037336706461418537
15,2022-09-30,-0.009885010428223312,0.008824700739347014,0.011203260656346527,0.001251789574928463
15,2022-10-31,0.0017002728935807284,-0.02456412624246218,-0.0036335412637497704,-0.004892863730255054
15,2022-11-30,0.012356162722183449,0.01593389224595939,0.016186304757513696,0.001934310682467623
15,2022-12-31,0.030653930234490298,0.004511242666125278,0.008191000721131188,-0.0037142648564380074
15,2023-01-31,-0.015972581103365344,0.02324623605122285,0.0026889686499434276,-0.002272261992319916
15,2023-02-28,-0.022614738749035367,-0.012793387163267117,0.0016590405238563917,-0.00749803236766278
15,2023-03-31,0.001722301302909194,-0.009797425939642588,-0.014056959852146026,-0.004779107438578486
15,2023-04-30,-0.04412915150355006,0.016525567588746553,-0.0026652212326057456,0.005070926442650522
15,2023-05-31,0.014407422436633963,0.024928551979424046,0.010758919881859287,-0.004704470890103861
15,2023-06-30,-0.0023926195687559147,0.001905856765722867,0.01460160373964318,0.005443929623716131
15,2023-07-31,-0.03957742533916969,-0.021107322515955183,-0.011453205323715635,0.0020599227159480158
15,2023-08-31,-0.0026415504163209026,0.0079001280009134,0.004192980651136154,3.330966808887847e-05
15,2023-09-30,0.00032086140999183294,0.026283097468188195,0.002791540820402842,-0.0005386142522058979
15,2023-10-31,0.016480923094622513,1.993000103697787e-05,0.00721592721479334,0.0029592534516391694
15,2023-11-30,-0.007439837415920448,0.002562231275580127,0.00046069210185117264,-0.0011444629262103623
15,2023-12-31,0.05618065013334088,-0.014500274407106693,-0.0027716215250897943,0.0015884599453193505
20,2017-01-31,-0.024848920828114813,0.00985003027325291,0.027469010594658012,0.0053125562568662665
20,2017-02-28,0.014369178097314382,0.00038754603531379676,0.0002010928277763435,-6.601210817536433e-05
20,2017-03-31,0.036649306124672584,-0.03186804250132415,-0.01897249890513578,0.0066497189319857306
20,2017-04-30,0.024281823740464253,-0.0058431082236096174,-0.007388412122863142,0.003618176346157868
20,2017-05-31,-0.015416426874714496,0.024582977483113833,-0.0006927828469558712,0.006505222807399426
20,2017-06-30,-0.024667642479218602,-0.0036377469338263234,-0.006440357515548501,-0.0047794896837281544
20,2017-07-31,0.02349193140630359,-0.019858766888049894,-0.015931829467886918,-0.003263470420207129
20,2017-08-31,-0.002095575464474254,0.008750629465011688,0.009798072494126519,0.0006580370971016477
20,2017-09-30,0.014186018609979941,-0.010968960193057431,0.0022121872379885082,0.00310642835977727
20,2017-10-31,0.010946355435547835,0.0052335428493943,-0.002237471547149265,0.00210661069706472
20,2017-11-30,0.005037079812241825,0.0048627568583275264,0.0023209558849611235,0.0011617154099102054
20,2017-12-31,0.05023088011635191,-0.0150123102948734,0.004817944220587881,0.00996705101419929
20,2018-01-31,-0.001397144099831235,0.014995488880816577,0.014016404451366166,0.0028236939664735587
20,2018-02-28,0.005994071958051716,-0.011639451868806517,-0.007627181979948123,0.0011993981459225457
20,2018-03-31,0.007998443103926764,-0.02324355662695283,-0.0007932188187696753,-0.00032281808035484544
20,2018-04-30,-0.012608069460564744,-0.018167419874158687,0.018056876114094893,0.0060559181581207105
20,2018-05-31,0.019729509683204093,-0.01488395957308842,0.00967310293563517,-0.00011700046907174996
20,2018-06-30,-0.009887391548356545,0.0057321817874938005,0.01517593682785123,0.003718874506431914
20,2018-07-31,0.006757194756748593,-0.009253815072154968,-0.0058976733987623495,0.0022765842224560275
20,2018-08-31,-0.0009434654577930133,0.013575812645065959,-0.0004971205483689028,0.008633181983084633
20,2018-09-30,0.024626424241140872,0.005757178726535519,-0.029382987442079955,0.001292728473201752
20,2018-10-31,0.011915537076265149,-0.012188468589536082,-0.000659203260451968,0.007226259150128415
20,2018-11-30,-0.015480358382411326,0.015586250481087669,-0.0013406270092415798,-0.0011146026084660155
20,2018-12-31,-0.01916770472192239,0.022690472865569706,-0.000954613965157585,-0.0010097095170950611
20,2019-01-31,0.021470669769696325,-0.004987194922888093,0.02721569889252482,0.002661529823279079
20,2019-02-28,-0.0020012375253654095,0.0042300891837398075,-0.002614184941785448,-0.0052273396010624916
20,2019-03-31,-0.027117421751341624,-0.02563824819929855,-0.013381573572292055,-0.00500433761414033
20,2019-04-30,-0.00919070579706679,0.004872053036992264,0.0072249078320278355,-0.004814743102402773
20,2019-05-31,0.042289166533059024,-0.005414633644749658,0.0005918781351954383,-0.005482957575510286
20,2019-06-30,-0.04806615152147764,0.00612120335212197,0.01188825458664251,0.009753000009572028
20,2019-07-31,-0.009654571257004942,-0.007493908390083572,0.005973187605809983,-0.0023321952160484526
20,2019-08-31,0.0005279616964249656,0.0033911866176066633,0.006857677166191639,-0.007315779353883427
20,2019-09-30,-0.015537766664068711,0.027506729999497284,-0.01798736636244648,-0.0017424669853043034
20,2019-10-31,-0.019344948577300153,-0.007550754073175682,0.00612123323964622,-0.0050679776327863645
20,2019-11-30,-0.020905429182446266,-0.00954338569612316,-0.010956302231935205,-0.00511112181157535
20,2019-12-31,-0.0031415198585001383,-0.02787054289146737,0.0022085488616171533,0.002452635889248997
20,2020-01-31,0.003126778342238944,-0.004386218645268789,-0.008879254059893796,-0.005569696998487788
20,2020-02-29,-0.00829990993133768,0.010369493156828242,0.0016008647321329081,-0.0027973046567500493
20,2020-03-31,-0.017978797870849387,-0.017478383328302663,0.003501905545332008,-0.013063705903848663
20,2020-04-30,0.012801204576354808,-0.007399512856066868,-0.009138712198513102,0.007362307137971245
20,2020-05-31,-0.016422736202139746,-0.00353837136626008,0.0029927351660311305,-0.004738073932807385
20,2020-06-30,0.017020447894158422,0.013462027783662444,0.0059108182899920226,-0.006818224926987402
20,2020-07-31,-0.01901121029068523,0.009140361797013306,0.013101860314926455,0.005001034405864303
20,2020-08-31,0.005530017891041663,-0.0009385900423496155,-0.00887500025954421,0.01058017780025434
20,2020-09-30,0.01854736328009085,-0.002523064930395122,0.003177050760865624,0.0029033886803402124
20,2020-10-31,-0.019449852073738057,0.011060410165150998,0.0060751816043494705,0.008087584163712936
20,2020-11-30,-0.03017665307207776,0.013144204436039598,0.004134066333148786,0.0023461843777839667
20,2020-12-31,0.027287082469665543,-0.026301073495910376,0.01659074197549311,-0.010874272415171629
20,2021-01-31,0.033074162729591836,0.01559708059988049,0.01683784789141317,0.007539768093924771
20,2021-02-28,0.013599057482952205,0.004327353329630333,0.00636860375374429,0.001829657372918943
20,2021-03-31,-0.005265049839113394,-0.013593071936324815,-0.002844692407951912,0.008112104497409064
20,2021-04-30,0.022497005251192616,-0.027077652538527966,0.01515062416218561,-0.004224250390711233
20,2021-05-31,0.013196912407338328,-0.019868108557775644,-0.009471434291375867,0.001035170378182264
20,2021-06-30,-0.013891852633622958,0.023608665399911827,-0.008516535839633833,0.005876757888254613
20,2021-07-31,-0.006948166910205702,-0.019341677207567336,-0.0054677368372753506,-0.006100283515075645
20,2021-08-31,0.022589303178929876,-0.01900172240275584,0.009473874491696664,-0.009382592533094517
20,2021-09-30,0.0019194875518587652,-0.011666690176121328,0.000730070550949446,-0.0015088668975803152
20,2021-10-31,0.021306439196064706,-0.008168910246628134,0.014600860220515127,0.011748492771582277
20,2021-11-30,-0.014210354569721006,-7.022762448429979e-05,-0.02278498989192881,0.0042741210405453705
20,2021-12-31,0.025384544480751392,0.02102203989150831,-0.005539483339285898,0.0019570775752132405
20,2022-01-31,0.019837180984337236,-0.009558375679315358,-0.008773816114487944,0.0029241770054904055
20,2022-02-28,0.0021478603563651077,0.004192763860457161,0.014847814477865482,0.0038143298887993453
20,2022-03-31,0.030177970550755124,-0.016440045085287763,-0.003054856377300632,0.004360206278274148
20,2022-04-30,0.013478666032933535,0.028189515882255517,-0.004262146097356546,0.00933535048248253
20,2022-05-31,-0.017006093443440444,0.011908802225266635,-0.007097423179290116,0.0015229653888740844
20,2022-06-30,0.019910192548019,-0.019935597523628033,-0.01560123714682501,0.0014186560896863678
20,2022-07-31,0.03969918456038519,0.013242055323789742,0.01681729115402875,0.003323543519968138
20,2022-08-31,0.005395742174154469,0.02990376597183042,-0.005791506536820197,0.002908591003681783
20,2022-09-30,-0.008591314287221336,0.008336447600517693,0.011707735934047543,0.0013070973208132084
20,2022-10-31,0.00047316374833088177,-0.022440747910366904,-0.004264611177582734,-0.004102525219353631
20,2022-11-30,0.01098787194238295,0.012125074520990972,0.015351130345431622,0.0021316094819606754
20,2022-12-31,0.027291028358698514,0.0016399883772148858,0.006309526873772151,-0.002207032706354576
20,2023-01-31,-0.01382934441331231,0.020552375065872597,0.00260162439827178,-0.002904667384918085
20,2023-02-28,-0.02281145658362398,-0.01130951433661743,-9.393253314656441e-05,-0.004555861103600323
20,2023-03-31,0.002383556128192317,-0.00997523096417595,-0.012633201457488146,-0.004855724566139285
20,2023-04-30,-0.03936621155078699,0.0143014239029922,-0.003696968225378316,0.00449608654365608
20,2023-05-31,0.011383049368324927,0.023476459469092655,0.008911520366869348,-0.0030672073166836482
20,2023-06-30,-0.002254961071198661,0.0007520968451415837,0.012479536278925299,0.0053311986351716285
20,2023-07-31,-0.036194777963293616,-0.01945713659586507,-0.008927303027835785,0.0020326181447760058
20,2023-08-31,-0.001279890196401638,0.007496439915656445,0.0042925298308813765,-0.0011313135425014165
20,2023-09-30,0.0009721282195357844,0.02322860833629957,0.001862823240982569,-0.0002879736864494012
20,2023-10-31,0.016638637343118115,0.000870185309260568,0.007925382964745148,0.0014219433092791842
20,2023-11-30,-0.006164259857097494,0.00028898365706585337,-0.0001772964402828063,-0.001473016061726263
20,2023-12-31,0.05276214725633773,-0.014375056958168457,-0.0028963702389112242,0.0006778670846651018
25,2017-01-31,-0.022292058381040453,0.009126172763195745,0.023009676725899212,0.00629781752813163
25,2017-02-28,0.011396569244604448,-2.3588977610248134e-05,0.0007635957380191066,0.0004315761230822489
25,2017-03-31,0.03289509962504297,-0.027461886478500147,-0.016059448431637768,0.0051396059815031715
25,2017-04-30,0.020473719988768187,-0.005616002737416704,-0.008482322131207958,0.003448836042021203
25,2017-05-31,-0.013088898337791534,0.019895295571701038,-0.0011463411278058331,0.005306231810638356
25,2017-06-30,-0.022147127088725068,-0.001657397288797653,-0.0053772930025650575,-0.004005039618966103
25,2017-07-31,0.020039971076014934,-0.017234831941973634,-0.013895118061975045,-0.0018185454117866375
25,2017-08-31,-0.0017212577223018129,0.006975195418160371,0.008098480111466118,0.0002497745534827086
25,2017-09-30,0.013472591311669183,-0.009392514112804352,0.0014625287429230792,0.002152842805572229
25,2017-10-31,0.009455541807549785,0.004768339594529838,-0.0018809357629851124,0.0017656025804251723
25,2017-11-30,0.005230630562015257,0.004063766669617909,0.002489230739410506,0.0007521024180626132
25,2017-12-31,0.04305053309545585,-0.0132297271715999,0.004598565654404371,0.009222626025853702
25,2018-01-31,-0.001999543070954009,0.012447009809503152,0.011535456672050881,0.002643589029691153
25,2018-02-28,0.0040615517581374045,-0.010058960952863343,-0.007152022284950213,0.0018021716218012136
25,2018-03-31,0.007366600150381433,-0.01973339795619798,-0.0013428249312570795,-0.0013914716706298518
25,2018-04-30,-0.009685742647037936,-0.015975323965221923,0.013485393331469643,0.004292623200169229
25,2018-05-31,0.017386171440338955,-0.013225800618941337,0.008110645528763349,-0.0006601576304465718
25,2018-06-30,-0.008553772362380616,0.004704052021766032,0.01269783807622452,0.0030958830681881767
25,2018-07-31,0.006587191203928295,-0.008063979779619632,-0.005958856961489409,0.0011724274744089182
25,2018-08-31,-0.0010240426541838206,0.011209221178844573,-0.000650768252586062,0.00784458021277115
25,2018-09-30,0.020513706834735558,0.005292817843068224,-0.024732879201324973,0.0015610327053610438
25,2018-10-31,0.010706961964724667,-0.011191672203089585,0.0005038750667695665,0.005908086377622118
25,2018-11-30,-0.011448038938638341,0.01109578995527044,-0.00044166574931126966,-0.002816942373113901
25,2018-12-31,-0.01691413558635828,0.01795158525581398,-4.216999796367628e-05,8.557790794921071e-05
25,2019-01-31,0.018520799775609973,-0.003117439015995414,0.024700801741551842,0.002158289896627449
25,2019-02-28,-0.0016042572627270892,0.005599331838421971,-0.002926093184358177,-0.004233281435627528
25,2019-03-31,-0.023192220446157204,-0.020007904175844162,-0.010478276501336916,-0.003231622600830764
25,2019-04-30,-0.007786199721530952,0.0041814911079054015,0.005667791095738442,-0.004229410945913085
25,2019-05-31,0.03794199886228224,-0.005081760855034071,-0.0006376349302641841,-0.006208327120765164
25,2019-06-30,-0.041033728231210986,0.00679387308146566,0.011645720199535876,0.008772288344756773
25,2019-07-31,-0.008317907475064836,-0.006983163060817485,0.004055937447458122,-0.0009981992027165072
25,2019-08-31,0.0003884887749651886,0.003971125073396855,0.005903932899526089,-0.006766202289703174
25,2019-09-30,-0.011067795364238856,0.0225212922248487,-0.01558362574810798,-0.0044342835624161005
25,2019-10-31,-0.01482873922856281,-0.006871736678865017,0.004258303264580618,-0.004553920549050172
25,2019-11-30,-0.018137301228970906,-0.007848160574528891,-0.009184872278779376,-0.004253581741367376
25,2019-12-31,-0.0034698191296766933,-0.025515495499302997,0.0007993124565465404,0.0032236808668993835
25,2020-01-31,0.002076780778222265,-0.0038166347566492664,-0.006503670067063475,-0.004327682014420123
25,2020-02-29,-0.004793468740246525,0.007927931600029853,-0.0011721866695620202,-0.004067982081311423
25,2020-03-31,-0.014684843626185677,-0.014329804334164836,0.0007371863415195711,-0.01083430992445783
25,2020-04-30,0.008750757594363633,-0.005998997420199583,-0.008334378003943568,0.007967226017066505
25,2020-05-31,-0.013069837150353848,-0.001279020894077647,0.0031383643487829568,-0.004066790933523299
25,2020-06-30,0.014431266994663081,0.01104969711437614,0.004234633915594449,-0.0064292255345770625
25,2020-07-31,-0.01587120513189783,0.006901410366351578,0.010733166255378618,0.004321422388036879
25,2020-08-31,0.004399715850342334,-0.0009634104488705778,-0.005047464749465744,0.008081819681960601
25,2020-09-30,0.01431189551449836,-0.0030241704073430274,0.003466255449240559,0.002606594975379469
25,2020-10-31,-0.017742119565989877,0.00861872925121206,0.006357472066301919,0.008621976127422147
25,2020-11-30,-0.023609767227765456,0.010619881587928032,0.003128540690283894,0.0003073345760918027
25,2020-12-31,0.022825326982495318,-0.023219871084297183,0.012115404662662005,-0.009290496885631336
25,2021-01-31,0.02726892181530271,0.014570543330583356,0.012541187483280763,0.0048374088469702
25,2021-02-28,0.011173133108186892,0.004494273220803634,0.006089369567711102,0.002221043371657361
25,2021-03-31,-0.0042043859177720065,-0.009630459728730677,-0.0023574865704965456,0.0062951751219389425
25,2021-04-30,0.018279069587389497,-0.021566352587877872,0.011927474327341571,-0.003384047631579455
25,2021-05-31,0.009941030782564865,-0.016120280579312335,-0.006646850314797218,0.0015719975587450352
25,2021-06-30,-0.011436505416261962,0.018721328037833402,-0.007024427582108307,0.004933930347871674
25,2021-07-31,-0.006350415724705366,-0.014735904882034934,-0.003322292110980445,-0.00476302277175186
25,2021-08-31,0.019243533181235815,-0.015256949393487497,0.007423287152040679,-0.009272207000445043
25,2021-09-30,-1.8767329139112512e-05,-0.0095172052758583,0.0018133096714762344,-0.00010002280519351786
25,2021-10-31,0.016851599645521697,-0.007007920751181881,0.012428480219095268,0.00997204518664178
25,2021-11-30,-0.01123611673037795,-0.000292411533366931,-0.019651244427376157,0.003467380556567744
25,2021-12-31,0.021637155809300233,0.01666487078306834,-0.004335799469695031,0.0006460058040373067
25,2022-01-31,0.01496943649692212,-0.008663802322652056,-0.006947175341382023,0.0035106815908701036
25,2022-02-28,0.0018238471744235413,0.003219744283612511,0.01468934509817289,0.0020508062411875544
25,2022-03-31,0.024678600881092812,-0.013028908999812829,-0.0027239557173097057,0.004298157474257422
25,2022-04-30,0.01012020787704211,0.02383175096924273,-0.0008037377174836507,0.007638279410562654
25,2022-05-31,-0.014012754014443607,0.011637115451568413,-0.006571593891720797,0.0015117088991027895
25,2022-06-30,0.016265239531934525,-0.016628102465102927,-0.012634866498319025,0.001993227695749949
25,2022-07-31,0.033185123624357625,0.010333580447760404,0.01444304991914383,0.003117339344313959
25,2022-08-31,0.0044181973428844305,0.02755402943141451,-0.005459570494772929,0.002821354592534982
25,2022-09-30,-0.007178800838626109,0.00788467903089971,0.010618705701834994,0.0023593871129203004
25,2022-10-31,0.0006862417191077346,-0.01822151075976309,-0.003302551165522549,-0.003806135303309664
25,2022-11-30,0.00934201309459537,0.007792990754923868,0.013261454402411653,0.00168374913089022
25,2022-12-31,0.021028705085641947,0.0011051195155799725,0.004761316602848429,0.00017334381641718837
25,2023-01-31,-0.011630746624304314,0.017203464322775034,0.0024027146815866836,-0.002308940459011214
25,2023-02-28,-0.021011743340366984,-0.009043025004223498,-0.0013892251586679544,-0.003154520717479135
25,2023-03-31,0.0022760456050667037,-0.009576032258156371,-0.010844401843660907,-0.004708460429551793
25,2023-04-30,-0.03376472426878702,0.01235985849723504,-0.002063577796722318,0.0031703609341181306
25,2023-05-31,0.008392123075892174,0.018894237730831917,0.006204761795400346,-0.0008180843536844891
25,2023-06-30,-0.001754469791831717,0.0010441538706013479,0.010558369153520052,0.0041014180414430485
25,2023-07-31,-0.031059786276882086,-0.0176361294260589,-0.007184157149308887,0.001208095377998739
25,2023-08-31,-0.00023122249412793286,0.007387583432393802,0.0024959363120663934,-0.0016310952425079746
25,2023-09-30,0.0015545086371163243,0.01892288337526979,0.0008943054385608466,0.0006217884763147465
25,2023-10-31,0.013691882673417631,0.0008523409794246134,0.0069634191116290075,0.0018977963499247185
25,2023-11-30,-0.005419717168063636,-0.0001607611185969266,-0.0013841540587928834,-0.0010057104008304887
25,2023-12-31,0.04385952956620584,-0.010722089012989744,-0.001990364707269761,0.0008731948351408341
30,2017-01-31,-0.017029099587897636,0.006896886652656832,0.016481871187663436,0.004704982969757951
30,2017-02-28,0.008070044455795214,0.0005203834610752747,0.0009919827204200803,0.00024494019530564494
30,2017-03-31,0.02439598977000266,-0.022376705855203204,-0.012090881100279532,0.004517954235899858
30,2017-04-30,0.01544055661780714,-0.005381352488407274,-0.007059776244246888,0.0029605086915570804
30,2017-05-31,-0.00893824925368294,0.014233621230832525,-0.0006813814639990754,0.0037134495834295986
30,2017-06-30,-0.01692417771154337,-0.0005920987492108797,-0.004974533693772748,-0.003048315936987853
30,2017-07-31,0.015758650118253562,-0.011358954896352897,-0.01022112527095594,-0.001569483591318572
30,2017-08-31,-0.0020755527406701875,0.005596910970617287,0.005989472714301606,0.0002895480978495849
30,2017-09-30,0.010599798955064077,-0.007630025550966544,0.0005852466590433299,0.0012144974585330925
30,2017-10-31,0.006981973248314452,0.003013120357960363,-0.0007750697046049118,0.001890493185987607
30,2017-11-30,0.004433048073792815,0.0034746608508381964,0.001334424876982828,0.0009707246158428114
30,2017-12-31,0.034029548900740156,-0.010065054218996288,0.0038983004576743567,0.006081224034538211
30,2018-01-31,-0.0017341897272375665,0.008572623674593079,0.0071869968559951924,0.0026675786587413513
30,2018-02-28,0.004035751388874192,-0.008439699622415513,-0.0061898535997977336,0.0005145925482332813
30,2018-03-31,0.006364877325542407,-0.014852858325469988,-0.0022929140839332723,-0.00190553943529002
30,2018-04-30,-0.00746255816647996,-0.012309561713046644,0.010716576330351505,0.003191933832683421
30,2018-05-31,0.012771708238725043,-0.0097867399676758,0.004823994501784241,-0.0005428902968893272
30,2018-06-30,-0.006944101215309461,0.0032370384181038517,0.010844651286249694,0.00292094028829546
30,2018-07-31,0.004811376891379474,-0.005760779113547628,-0.0032167055843997914,0.0005997058956072458
30,2018-08-31,0.0006658945681038852,0.007401489099137199,-0.0012171140037832758,0.004692026670785501
30,2018-09-30,0.013766152405589756,0.004365917777122984,-0.0181784343140601,0.0019977810442084933
30,2018-10-31,0.008362984025537881,-0.007391700945482827,0.0016602478972064048,0.003967189519622364
30,2018-11-30,-0.006892478748639559,0.007375182441502148,-6.231056992105218e-05,-0.003553131262188571
30,2018-12-31,-0.011503942479878435,0.01224095481769201,0.0009104360379995288,-0.00017718789804848525
30,2019-01-31,0.012017217919043954,-0.001155163426320442,0.01929723267461562,0.002729505118342935
30,2019-02-28,-0.0022476423276628467,0.005891638721086539,-0.0013082977205159444,-0.0020087220067717504
30,2019-03-31,-0.01714642271622758,-0.0131835770169562,-0.0074947470411314155,-0.0019218705699621883
30,2019-04-30,-0.006433546318218488,0.0025753469969989878,0.004713052322702052,-0.0027500023929556434
30,2019-05-31,0.030282398970897403,-0.0033647800264595424,-0.0023405038798005825,-0.007039476546850999
30,2019-06-30,-0.031004895766456122,0.004959756051302997,0.008732759111368206,0.006363096842465281
30,2019-07-31,-0.0063842871956530664,-0.00643518696538147,0.0019893717905641764,0.00022589828262951542
30,2019-08-31,0.00036083530291723106,0.0035006669336600867,0.005311154520595367,-0.005078260734916451
30,2019-09-30,-0.007876651742681193,0.017242097239242023,-0.01102456637234201,-0.004453134637960203
30,2019-10-31,-0.009634257367735228,-0.0047962855962173125,0.003501457649945293,-0.0037151488061729194
30,2019-11-30,-0.012341737617046471,-0.006499378993347715,-0.00738799580561913,-0.0038081897040114702
30,2019-12-31,-0.003341271290848613,-0.020506194603783726,0.0007982258666223422,0.002887926079903415
30,2020-01-31,0.0022020486323688776,-0.002189606497631445,-0.003994326592312815,-0.0035873271255727076
30,2020-02-29,-0.002313684688641862,0.005499724443809055,-0.002397732264463262,-0.004125008912832422
30,2020-03-31,-0.009620533158487586,-0.011607750588400412,-7.91523285854766e-05,-0.009453859024931632
30,2020-04-30,0.006158672750259453,-0.0043448701314135075,-0.005684057556699389,0.005656203465457402
30,2020-05-31,-0.007975137798039078,-0.0005203570341524588,0.0027392979074072903,-0.00472482959740424
30,2020-06-30,0.01169941333572807,0.008368353701884094,0.002841601299471437,-0.006037370071463801
30,2020-07-31,-0.01182558395589673,0.005973918391602496,0.008381344131953343,0.00289964210486212
30,2020-08-31,0.003543021452164444,-0.0004629847994135876,-0.0026074130646637442,0.005074129882238831
30,2020-09-30,0.009279156576046966,-0.0027074903476125055,0.004120040136538004,0.003149693748657622
30,2020-10-31,-0.014575805896978086,0.006496159262540595,0.005466383148932917,0.0067825118072935425
30,2020-11-30,-0.017920318890301695,0.008379123576615856,0.0018659506405773179,-0.00015653906198803583
30,2020-12-31,0.016667957823315475,-0.01742510415062663,0.008390561575999048,-0.006641534999736107
30,2021-01-31,0.01949173058138715,0.011932419806220446,0.006644930115130278,0.0023826307296504145
30,2021-02-28,0.007630702280226288,0.003586136613889629,0.005636388802437253,0.002862008217461212
30,2021-03-31,-0.003543758677180274,-0.008198185921569479,-0.001694922925713952,0.0050049166167786055
30,2021-04-30,0.01337948218314252,-0.01685757414783568,0.00890904523734457,-0.002747626909756681
30,2021-05-31,0.0067036294676164985,-0.011760640368864683,-0.0030325586831233793,0.0014054639033304155
30,2021-06-30,-0.009472339544799844,0.014122830938817447,-0.0030525066895751352,0.005055530510057551
30,2021-07-31,-0.004997646792729905,-0.010575433579676649,-0.0013170526262037106,-0.003193511829231827
30,2021-08-31,0.01439324571468154,-0.01050248472785329,0.0052196261532503835,-0.007770862836235676
30,2021-09-30,-0.0009756165492911177,-0.007677508698659637,0.003634120528543372,0.0008792314449621785
30,2021-10-31,0.01043434666424056,-0.005466117422032274,0.00963496520872072,0.007644559168414356
30,2021-11-30,-0.008334982196171655,0.0002688811742854143,-0.014362332818497255,0.0037508459296947154
30,2021-12-31,0.016031471406031443,0.011067780019307544,-0.0029158754333940776,0.00014425380005928762
30,2022-01-31,0.010715209563976334,-0.006944679454797896,-0.0057030001226982775,0.0034425685506802874
30,2022-02-28,0.0011770314077070563,0.0026528751321781307,0.012881706772873184,0.00038493853203659846
30,2022-03-31,0.01761591939045196,-0.009125193450588221,-0.002809604696660493,0.0037248998033315287
30,2022-04-30,0.007964842940798255,0.01782079287640924,0.00010997446280972028,0.004329705095039755
30,2022-05-31,-0.010349673849651835,0.00946093949307395,-0.0053848968792122595,0.0013127832269053104
30,2022-06-30,0.01353734473272501,-0.01242777604896875,-0.008124402804265397,0.00041789050012383755
30,2022-07-31,0.025579694732973845,0.00643293568802633,0.011159794879246314,0.002846821798515458
30,2022-08-31,0.004277097609466741,0.023927521387780645,-0.005028572123808641,0.0017619640526285523
30,2022-09-30,-0.004971928412739831,0.005923938587924537,0.007999738934589957,0.0019301953417686791
30,2022-10-31,0.00021974834893595917,-0.012958133552112292,-0.0015592870175679054,-0.0027692110772767286
30,2022-11-30,0.0070707314290772445,0.0034099885620550046,0.009425669021117212,0.002029931874032053
30,2022-12-31,0.0158657228245027,-0.0004507902358627973,0.0028212306434325664,0.0006482501449755328
30,2023-01-31,-0.00972631297394467,0.01355312931380484,0.002311168838027179,-0.0013805911674718038
30,2023-02-28,-0.01766245672587597,-0.004174917769590992,-0.00332671515394863,-0.0008462089485106692
30,2023-03-31,0.002556811867880529,-0.00840044432969133,-0.008584550282534097,-0.004330166698181345
30,2023-04-30,-0.025508418399912802,0.00913354584265615,-0.001753897750606416,0.0013171995772081068
30,2023-05-31,0.005209230868500246,0.01157550321347736,0.005231911296416812,0.001199238325551964
30,2023-06-30,-0.0017850917041199576,0.0008884639149698919,0.008335019076710788,0.00379538478734484
30,2023-07-31,-0.022638986912010935,-0.0136565478224477,-0.0036284253028221543,-0.0005887198441204066
30,2023-08-31,0.00032867364400057745,0.005229867601379926,0.00169900891541424,-0.001859699028661
30,2023-09-30,0.0009819340894532476,0.014073922819844518,-0.00018702279092584222,0.001336521959670247
30,2023-10-31,0.012037778503973437,-0.0010646221920034334,0.005066761525211946,-8.17809910647875e-05
30,2023-11-30,-0.003823252503775896,-0.0011580050197127997,-0.0009424064764214393,-0.002326176991983052
30,2023-12-31,0.03472012775806875,-0.007187372679362584,-0.0018884022045257077,-0.0003864348452688577
35,2017-01-31,-0.01708799679984426,0.00860523475643663,0.01844766675867229,0.004300868592574052
35,2017-02-28,0.00846235484865501,-0.000401705454713446,-8.34259582739611e-05,0.00041484303285869664
35,2017-03-31,0.0265743437497787,-0.02177950278569909,-0.014709659076161386,0.0025523975962772195
35,2017-04-30,0.01522256808328784,-0.0030438159347543074,-0.0051276985807412944,0.004170863223375236
35,2017-05-31,-0.009344067050378702,0.017374021856748446,-0.0009748132537718268,0.0030712155740084146
35,2017-06-30,-0.01732775052656742,-0.001543150439535113,-0.00502461072517341,-0.002853993420349225
35,2017-07-31,0.01464324047675596,-0.013119873550950316,-0.010724149079143538,-0.0011967580002498574
35,2017-08-31,-0.0009170601548873594,0.0063386835417721865,0.00598598012092199,-0.00023946998421186665
35,2017-09-30,0.010538272977858872,-0.006981381377472111,0.001714078664753988,0.0011459103029767706
35,2017-10-31,0.008228933493110088,0.0033861825265616616,-0.0024838310755820113,9.55227617885489e-05
35,2017-11-30,0.003500824331353664,0.0022624734806375208,0.002275482138145927,0.0014550338094202289
35,2017-12-31,0.032872176877199594,-0.009947878741670859,0.0032574124509835633,0.007574825761144622
35,2018-01-31,-0.0015164901916711838,0.010107918051916555,0.010313399405913633,0.0022374017145525807
35,2018-02-28,0.0026439489415571137,-0.008948006909472476,-0.004123991653758348,0.001498471445574002
35,2018-03-31,0.008006348159018663,-0.015766985142149574,-0.0027929398970468807,-0.0027562258136546816
35,2018-04-30,-0.008361049274841702,-0.011426738159321955,0.011047142982358461,0.0038272187755822485
35,2018-05-31,0.013514299721194315,-0.01083692551452691,0.006438696467649317,-4.260106659654201e-05
35,2018-06-30,-0.007531310297992259,0.0044545398730746685,0.011452924765258185,0.003492613372897122
35,2018-07-31,0.004979311924271693,-0.005702126981844502,-0.0055637437511718265,0.00048363892853772137
35,2018-08-31,-0.0011861266839374893,0.008262922259025654,0.0007251670179449364,0.007234833174457707
35,2018-09-30,0.0170231937215508,0.004746151207840189,-0.020840352777161043,0.0006930672167011828
35,2018-10-31,0.008322063592120593,-0.009530768004704666,-5.19365107947722e-05,0.004718560049093609
35,2018-11-30,-0.00994624312938144,0.008946833514169061,-0.0009840382939240776,-0.0015521082499450952
35,2018-12-31,-0.012650548010070822,0.01308441152084466,-0.00018030651470989418,-0.00019864188069474936
35,2019-01-31,0.015992877125907443,-0.0028835962708496326,0.018958735898727087,0.0004509133962908813
35,2019-02-28,-0.0017188405075063203,0.004353478304669286,-0.0012430793881184768,-0.003338369887164116
35,2019-03-31,-0.018460185043143,-0.01649082156813429,-0.00968256671857558,-0.002076952567327886
35,2019-04-30,-0.005919698733771214,0.0036437172145095792,0.003748758191251902,-0.0032472714364328837
35,2019-05-31,0.030453907809485526,-0.0036798850286389076,-0.0005775961950465751,-0.005067180285359466
35,2019-06-30,-0.035442477787236484,0.006656118144401918,0.009229969077388054,0.008258824565190285
35,2019-07-31,-0.006220593528228205,-0.005675450930702739,0.003984929812630955,-0.0011183501012610733
35,2019-08-31,-0.00017153204828348502,0.002364110326798349,0.005443171492353661,-0.004393024920710225
35,2019-09-30,-0.01034329102446403,0.018614217437850616,-0.013184669480851716,-0.0009942778528429733
35,2019-10-31,-0.0111358114466632,-0.006301607481047085,0.0028897175384625883,-0.004010363660994054
35,2019-11-30,-0.014196613125445701,-0.006039357584950144,-0.008517167407619292,-0.004022856253638965
35,2019-12-31,-0.0031976517920684964,-0.020757785326648535,0.0002361250044521879,0.0029990023419954087
35,2020-01-31,0.0026809004508452036,-0.004093212244935596,-0.005204367204624326,-0.004453182209369692
35,2020-02-29,-0.004640234477492023,0.005739726600862493,-0.0021116840459049447,-0.002854262403915449
35,2020-03-31,-0.009408457132857645,-0.012166586009413564,0.0010140692442611495,-0.010575954097541966
35,2020-04-30,0.007539585890462967,-0.003454301341330209,-0.005811752138239366,0.006012203941327969
35,2020-05-31,-0.009743412696313658,-0.0022630537962013463,0.0019306244408547363,-0.004131692505468192
35,2020-06-30,0.012195344260630294,0.008751646797699544,0.003442067759631469,-0.005647011325158151
35,2020-07-31,-0.011410177179825749,0.005209408612919555,0.007539907616589017,0.001831354920262257
35,2020-08-31,0.002945581394202927,-0.00047141151036816595,-0.0037497438009455107,0.007228251259149745
35,2020-09-30,0.011882887180018904,-0.002209446862856199,0.0020505566951851445,0.0024494516418832124
35,2020-10-31,-0.015015570946625983,0.007920200290063444,0.004776620237651842,0.007240063272030261
35,2020-11-30,-0.0200082687744071,0.00834108302155983,0.003013507620901651,0.0014400015772171116
35,2020-12-31,0.018065885146569427,-0.01865604207233365,0.009869593602513825,-0.0063951795019404085
35,2021-01-31,0.01951658419443813,0.01094653289628078,0.011441160497990247,0.006072375992337966
35,2021-02-28,0.008703487928129503,0.004470853044469441,0.005583882258231825,0.002026623586628042
35,2021-03-31,-0.0023506528285365106,-0.00950447243108046,-0.002282963620158094,0.004967086331911497
35,2021-04-30,0.014558707854014528,-0.017775051243492712,0.009160874322320585,-0.0027573589965279957
35,2021-05-31,0.007444400251322697,-0.01277731858400426,-0.005531866649036256,0.0019253316397014292
35,2021-06-30,-0.009246573395949285,0.0155915420701921,-0.0057728212768218485,0.0038252874033421597
35,2021-07-31,-0.005422814941010209,-0.011455246345824595,-0.0022725205566898905,-0.0035345135806669863
35,2021-08-31,0.015015650812574466,-0.011555242568972075,0.005319504915146059,-0.007015493081829458
35,2021-09-30,-0.0012095583668417062,-0.009067961064599069,0.0025892598694489686,0.0015517726023993048
35,2021-10-31,0.01280155496310417,-0.006240665368406016,0.00922076945848218,0.00835221773896081
35,2021-11-30,-0.009827574330449677,0.00016352265091359173,-0.015368750789647154,0.0033147082161167963
35,2021-12-31,0.0157657854661649,0.012805200481347747,-0.0033866302076160106,0.0030306618890637376
35,2022-01-31,0.013159703290559158,-0.007834334115590464,-0.006412485083311346,0.0020766749837037033
35,2022-02-28,0.0018096908050221484,0.000839639288708079,0.012212166742902483,0.00162814774391207
35,2022-03-31,0.020564693264773067,-0.010460997589604205,-0.0007984014130929586,0.001803234278458228
35,2022-04-30,0.009838662609207693,0.0181216320846396,-0.0002927413610530852,0.005419416297588105
35,2022-05-31,-0.010623252826714133,0.00948246061931154,-0.003522716913525627,-4.348049859765062e-05
35,2022-06-30,0.01442498958182479,-0.013294744054764964,-0.01004442992048241,0.0005140666706289079
35,2022-07-31,0.027538276063656223,0.008587878604861104,0.011121105843114055,0.0024554502384663466
35,2022-08-31,0.0030213565740299193,0.02227019003984237,-0.002655132695637439,0.0025294103618274
35,2022-09-30,-0.006757165946679754,0.005675366248277338,0.010830375303817287,0.0019236297770721866
35,2022-10-31,0.0008369293351341585,-0.016012662704770482,-0.0033083872152421885,-0.0030677401359755154
35,2022-11-30,0.006897477884957418,0.006497378126801571,0.009801550173384735,0.0015550670587940782
35,2022-12-31,0.016458928600536337,-0.0007763972990289853,0.00397085919802825,0.00043193674012047544
35,2023-01-31,-0.010853878092964474,0.014854145365517305,0.0031587920684162623,-0.0006007699141863448
35,2023-02-28,-0.01621354686632868,-0.006055918659128832,-0.001966228989881534,-0.002908209564733321
35,2023-03-31,0.0016544609340245515,-0.008416209041809576,-0.008529770701732393,-0.004054832118549395
35,2023-04-30,-0.02785983302214609,0.011000550391246934,-0.0027535186230156355,0.0029211275954769416
35,2023-05-31,0.00751563732031041,0.015365346709660308,0.0036933098190939984,-0.0017421434168805822
35,2023-06-30,-0.0012045052146352944,0.00037977284274311684,0.009498796886446727,0.003234785153904999
35,2023-07-31,-0.02495621944329702,-0.013127862111110868,-0.00599269389637451,0.0005779167645272262
35,2023-08-31,-0.0005265933491512568,0.005607362776320006,0.001444278467360198,-0.0013450194419944654
35,2023-09-30,0.0009586120349075462,0.016433466588939353,0.00037303342745051204,0.0006719885699143314
35,2023-10-31,0.011451953843611197,0.0007058892870684701,0.006189713885950675,0.001364376160740715
35,2023-11-30,-0.003901324924139657,-0.0011025143418835288,0.0005810617789995127,-0.0017991414688869859
35,2023-12-31,0.037530277117191334,-0.009876621596837668,-0.002822614775571531,-0.0003922177727988547
40,2017-01-31,-0.017778799100235124,0.010005913297287344,0.022568492558774498,0.004180947121081573
40,2017-02-28,0.00860105445449236,-0.00044062283908422923,7.225586161437017e-05,0.001316874651057681
40,2017-03-31,0.02722346932028093,-0.02218310285932326,-0.01465518911656651,0.0032465957502741164
40,2017-04-30,0.015846333212714395,0.00032120011891388503,-0.0021807305023967003,0.004983854741396146
40,2017-05-31,-0.011460465432007783,0.020604221800311264,-0.0009976046281071698,0.004508633823801801
40,2017-06-30,-0.018647720332998566,-0.0036454087240127627,-0.00413730683386817,-0.002733356413042694
40,2017-07-31,0.011325482408872824,-0.013512684943224267,-0.009253780498971062,0.0006642802777836723
40,2017-08-31,-0.0005235164625167645,0.00778670906859627,0.006144416329652151,-0.00020011108751164213
40,2017-09-30,0.012116133240690212,-0.005389059087028957,0.0025356304561674693,0.0003482255886764418
40,2017-10-31,0.00872047373834062,0.0025764719020550443,-0.004391297188625588,-0.0005908364917551561
40,2017-11-30,0.0016076542743291837,0.0005717838029637742,0.003465931874766015,0.0015032054330705526
40,2017-12-31,0.03168080632645756,-0.010150384474732321,0.0025216105692193016,0.01011737989266134
40,2018-01-31,-0.0018956159524006902,0.00998863682786788,0.014488422087922906,0.0016561448712051135
40,2018-02-28,0.00026406532820831986,-0.008192271504168002,-8.359004379885834e-05,0.0037706414481465636
40,2018-03-31,0.009185942870325804,-0.01627008048758847,-0.002038377559037143,-0.0016403200523218613
40,2018-04-30,-0.009404412834973492,-0.009879215159794423,0.012434582335613181,0.005323158296286184
40,2018-05-31,0.013962596821938416,-0.010841543456974058,0.008098497340973307,0.0008721981131651328
40,2018-06-30,-0.0075511935390537134,0.005397191149984824,0.010050664749182639,0.003768489698962713
40,2018-07-31,0.004785867514671915,-0.00566803917421935,-0.0050595823007783996,0.0017500957425452455
40,2018-08-31,-0.00396830984844228,0.008758095643432644,0.0024610843563128205,0.010113587857175572
40,2018-09-30,0.020640527830585658,0.005073425553940549,-0.021747962874573402,-0.0014005673520280579
40,2018-10-31,0.007079206365184469,-0.00985524626514025,-0.0003383573656051348,0.006946012710887756
40,2018-11-30,-0.014039046324937651,0.009792813161046623,-0.0014185277619192483,0.0006891010034310638
40,2018-12-31,-0.015128607561947803,0.016280594298968498,-0.0020266862323244116,0.0001250500592483494
40,2019-01-31,0.01932647849840722,-0.004567538790820029,0.019275714536514377,-0.0008335469490750778
40,2019-02-28,-0.0008191964387182675,0.0021633530086882457,-0.001574055625818315,-0.005287433716360218
40,2019-03-31,-0.020600051288099004,-0.020480146440735834,-0.012323183636886389,-0.0041192415930866606
40,2019-04-30,-0.0064850055380256295,0.00431976048683246,0.0037957095054701874,-0.0034762965922304333
40,2019-05-31,0.028006204962215567,-0.005428402195425666,0.002449527466430565,-0.0001453495714734215
40,2019-06-30,-0.04068157723954656,0.008613100958195258,0.009173294751179494,0.010480228093457937
40,2019-07-31,-0.005203665830889344,-0.00573218444113761,0.004436335395187146,-0.005376579160927177
40,2019-08-31,-0.00011162785897459266,-0.0002492186750174891,0.002245513183864832,-0.004368185113151434
40,2019-09-30,-0.014890745501514823,0.020412839837543027,-0.012624545776842648,0.005240606402049949
40,2019-10-31,-0.012455012951584543,-0.005435951453726412,0.0036831478941813916,-0.006043970456523202
40,2019-11-30,-0.017401759722279853,-0.004393474120636708,-0.008352155389015924,-0.00284685101321021
40,2019-12-31,-0.0020814745719337,-0.01819415924549065,0.0020340796823671956,0.0018866377615763198
40,2020-01-31,0.004457364678845581,-0.006651473381262666,-0.007595651583462958,-0.006622195858213036
40,2020-02-29,-0.008988646992923378,0.004766341678502543,-0.0004214315266406897,-0.00026830229348296264
40,2020-03-31,-0.01214806515854476,-0.01410906475832314,0.0037600080658836263,-0.009883376759075883
40,2020-04-30,0.008903563543284481,-0.0022009191165259525,-0.005397271998234978,0.006280028417016226
40,2020-05-31,-0.011295145369098454,-0.002760826296962759,0.0006638627148597188,-0.003446081677782193
40,2020-06-30,0.014203793845102173,0.009768392213843813,0.002406424328322931,-0.006336979789058123
40,2020-07-31,-0.013254798412175946,0.004665021241546481,0.007432642243000224,0.002060752022798422
40,2020-08-31,0.0033193549915123046,-0.00041709080845629,-0.0064559762712120905,0.010049574556994045
40,2020-09-30,0.015858734807587097,-0.0005856301551313904,-0.0010581879169401897,0.0026127002560948497
40,2020-10-31,-0.01448466598365678,0.008438906189827133,0.0030714659077857574,0.006181718812364064
40,2020-11-30,-0.026056772750968463,0.009503885962548664,0.005603230828462577,0.005564495507930729
40,2020-12-31,0.02025358677325839,-0.01988014335759421,0.013952908357068264,-0.007289275806912875
40,2021-01-31,0.02151629329379054,0.008098393184283176,0.01822517697181268,0.009919992080394305
40,2021-02-28,0.010926852866025662,0.0035182978538572324,0.005393660181119288,0.0005701149475784777
40,2021-03-31,-0.0007088139092499348,-0.012231721731308843,-0.002007016172743046,0.005043103599811937
40,2021-04-30,0.017766987509622953,-0.018257161043271616,0.010038532601878432,-0.004106333167528152
40,2021-05-31,0.008974824871447186,-0.014068361990428735,-0.010547186540970845,0.003205552025990975
40,2021-06-30,-0.008969883241336775,0.01821068796739327,-0.007451864614857458,0.002337683852373353
40,2021-07-31,-0.00543700000914221,-0.013227514549197203,-0.0029659356901105835,-0.004092074065154799
40,2021-08-31,0.01682104616890965,-0.01382635318912549,0.006165246725666333,-0.007219305976063604
40,2021-09-30,-0.00016300663355499974,-0.010048714692652866,0.0020757187416845543,0.0011644617612229298
40,2021-10-31,0.01767497155185502,-0.007496843040846679,0.008279352754113666,0.007668669904630167
40,2021-11-30,-0.009528666751729573,-7.85850938521857e-05,-0.013783626227325074,-6.170359461586741e-05
40,2021-12-31,0.014763452595025305,0.01669887245027923,-0.00627241945520151,0.006036533026109177
40,2022-01-31,0.01829510336901417,-0.007921363725492963,-0.007363836921154278,-0.002418637276002455
40,2022-02-28,0.0010338533108404126,0.00039180666336402183,0.009463823215267049,0.0038532401444628535
40,2022-03-31,0.023291018608573532,-0.010422974256034855,-0.0013219934195434237,0.0004358591427625699
40,2022-04-30,0.012559276880081814,0.01572694238408296,0.0014161200502878003,0.004553179286340024
40,2022-05-31,-0.009163104950631553,0.007777734427044128,-0.0013084330489087077,-0.0016079743758909471
40,2022-06-30,0.014696895931362168,-0.01677252908414893,-0.011620034107590398,0.001677386698010258
40,2022-07-31,0.03210182715343185,0.011396795088145355,0.0115571957851197,-0.0005932837531174664
40,2022-08-31,0.002251054692685706,0.02003320870159174,-0.00011933285205304592,0.0023997036401769275
40,2022-09-30,-0.009997177807050821,0.004986397792555682,0.013373409744930086,0.0034914519960127293
40,2022-10-31,0.0011152687646567821,-0.018079768507921246,-0.004892752250191702,-0.0029880317832005595
40,2022-11-30,0.005657478198710476,0.010233426112772661,0.012572551984549268,0.00139994588547889
40,2022-12-31,0.01916164493207659,0.0003631934417206709,0.006724221539650917,-0.0009757843998190617
40,2023-01-31,-0.012559171219273534,0.01795372726642531,0.0034025941028055567,-4.938497956231926e-05
40,2023-02-28,-0.013815523567437725,-0.008070759081679885,0.0007645626619522584,-0.005927964979086388
40,2023-03-31,0.0008908127387783183,-0.008429944083301862,-0.009682432519148507,-0.0038152349801955756
40,2023-04-30,-0.029787248981318324,0.011928855169309294,-0.005288210436562949,0.003570368267224146
40,2023-05-31,0.01123932034150128,0.020649551487286644,0.002683211877083608,-0.0043070866056938925
40,2023-06-30,-0.000978121095577824,0.00029050759321444714,0.009831895918958396,0.002716640607910329
40,2023-07-31,-0.027725619867443936,-0.013185574724034066,-0.008857424338005536,0.0013747523191802447
40,2023-08-31,-0.001757532197460729,0.004568953717863543,0.0007986876129901077,0.00033707958271862184
40,2023-09-30,-0.0006416043970422137,0.01740653393783805,0.0019517977228118914,0.00015649732845686684
40,2023-10-31,0.011160179439974688,0.0020868454572847083,0.00652738939606285,0.0028525079988799135
40,2023-11-30,-0.003754316344786059,-0.0005845496031378266,0.002185033533358008,-0.0006931205289649488
40,2023-12-31,0.039092207869693966,-0.01114637748344974,-0.004020100006690688,-4.357194536088534e-05
45,2017-01-31,-0.016171005799249745,0.011933129655232891,0.023559044394586528,0.0033634225586070213
45,2017-02-28,0.009818785057462037,3.630037545669026e-05,-0.0018013706953510923,0.0017104352205381014
45,2017-03-31,0.028775091198869465,-0.02224787129193942,-0.015445015286827337,0.00044723476041551736
45,2017-04-30,0.015176760723549124,0.0026302206070179385,0.0008866050840965353,0.005864066612472644
45,2017-05-31,-0.011323554489854646,0.02146309166388995,-0.0008051474191082455,0.003485327792105502
45,2017-06-30,-0.019234883314836557,-0.0065437785821655745,-0.0024115872697819335,-0.0018552403118585763
45,2017-07-31,0.007077038879549336,-0.013859616667074717,-0.007070921354625805,0.002959933996828707
45,2017-08-31,0.0024293425563091026,0.007737469355822953,0.0034058350089989065,-0.001796002457497981
45,2017-09-30,0.012339993949176,-0.0036141703775169993,0.0032115606350588237,-0.0007166956335188547
45,2017-10-31,0.010524100504529331,0.0013979823557979695,-0.006669181699772526,-0.0035807966859982107
45,2017-11-30,-0.0012601208190402668,-0.00023867535349715702,0.005044951300685556,0.002851090318952295
45,2017-12-31,0.02642857486384943,-0.010923584324798702,0.0009198398906554378,0.01321001448429761
45,2018-01-31,-0.0001985037507342965,0.009417204021217962,0.017824636668756708,-0.00025893919990162793
45,2018-02-28,-0.0015724744409920507,-0.007365894464325507,0.0048090013471464065,0.005351364721650627
45,2018-03-31,0.010771860606943013,-0.016227341439013148,-0.001760110325381154,-0.0018738542825016827
45,2018-04-30,-0.010450554989248642,-0.006814371248739365,0.011456973315951632,0.007171144180430483
45,2018-05-31,0.013375603878339748,-0.008386559085827956,0.009956112656623651,0.0010526264492251866
45,2018-06-30,-0.008057382229220969,0.007014792091510247,0.008598927058451458,0.004873234191591689
45,2018-07-31,0.005258188411915231,-0.006492762348814821,-0.0070911467253431965,0.002461453488433365
45,2018-08-31,-0.00459447172944398,0.00795035970951857,0.0059157063056339285,0.009417601712741778
45,2018-09-30,0.02510325804686303,0.006021856331472556,-0.022727967368434233,-0.0033113341809898915
45,2018-10-31,0.005438648312535655,-0.008534608192207955,-0.0019170832332085447,0.009631107066214546
45,2018-11-30,-0.020634682051697623,0.009772882013715822,0.0010609643186794892,0.0060792629480572215
45,2018-12-31,-0.01815032712430072,0.02016110291309231,-0.003674718562598266,0.0009394378156071618
45,2019-01-31,0.021461257223353025,-0.004561378392765144,0.019043665917399116,-0.002882402186947415
45,2019-02-28,0.0003996573744542788,-0.0017622339119632694,-0.001520399636850793,-0.00673962045260943
45,2019-03-31,-0.021406099398318168,-0.02305489039172965,-0.012948461354950841,-0.004302149990772523
45,2019-04-30,-0.00799117568350114,0.005962930951766259,0.0031272869326185466,-0.0024285090282297754
45,2019-05-31,0.023318460680895808,-0.007709401661483089,0.005846031431031977,0.004381449747113553
45,2019-06-30,-0.04528014861784154,0.010893897136761763,0.008348442183987718,0.012304451347446215
45,2019-07-31,-0.006635774445453855,-0.004438216420795823,0.006169502055435141,-0.006938351945679119
45,2019-08-31,-0.0019032800240092833,-0.0008516937561892452,6.602604321446552e-05,-0.0028691097934548785
45,2019-09-30,-0.015784328463951124,0.023642301638554346,-0.011430822768014754,0.00874227910109792
45,2019-10-31,-0.013442431349179463,-0.004604424733920671,0.0045191677982749385,-0.006018977858835522
45,2019-11-30,-0.018896247309066968,-0.001627272004619086,-0.0068975434418070206,-0.0020266722947746814
45,2019-12-31,0.00034659992358791384,-0.013166710425447484,0.0036818163026494763,-0.0006036874255864017
45,2020-01-31,0.007079078089526282,-0.008993833048148605,-0.009617185601583308,-0.008832456172230071
45,2020-02-29,-0.014163147575786636,0.006133793939189263,0.0024341353583519115,0.002354259320397271
45,2020-03-31,-0.013558670031648902,-0.015575728061063006,0.006842706046604982,-0.009749329047192107
45,2020-04-30,0.008478612293104662,-0.000372670155456112,-0.004516305903372631,0.007190571222985495
45,2020-05-31,-0.012355103263717427,-0.0022193626790548734,-0.00022879962815967956,-0.003278808904145081
45,2020-06-30,0.01361929966870762,0.01043107327355374,0.0035977331473173325,-0.006109267749400733
45,2020-07-31,-0.013309854386485331,0.003960750555010796,0.007707564223766155,0.0013941959248994526
45,2020-08-31,0.0016809440544583209,0.0007310667412017128,-0.0074819337074435565,0.012902445076384906
45,2020-09-30,0.01936533686605144,0.0009688703215962714,-0.003633690276359012,0.0011792095860704258
45,2020-10-31,-0.012861860470957642,0.008914070091467953,0.0004698697096699369,0.0045898999218312
45,2020-11-30,-0.029969099982763356,0.010212330767342008,0.007068511542470334,0.008182709438646917
45,2020-12-31,0.019830120646432876,-0.02281792203705863,0.017111014188430414,-0.007267372331920978
45,2021-01-31,0.023922665018907985,0.008039133451347652,0.024191031229136024,0.011487973878149765
45,2021-02-28,0.012661680117376822,0.0026140471813690526,0.004815809350121138,-0.001542799266570799
45,2021-03-31,0.0010623161994961835,-0.0160116798675864,-0.002734913242387706,0.0058382850090977325
45,2021-04-30,0.01811954565683536,-0.018766027082192216,0.009694446507842439,-0.004015539107170044
45,2021-05-31,0.008738459968218603,-0.014139211777831425,-0.01452687916061792,0.0051743213566658305
45,2021-06-30,-0.007846444990893781,0.02149827949783307,-0.008117197487457845,0.0002683068398218612
45,2021-07-31,-0.005106914206490947,-0.01735303284796602,-0.002966111581887052,-0.004344522118967658
45,2021-08-31,0.018658903387083918,-0.015264472201501783,0.0062896069107042,-0.007853429595589
45,2021-09-30,-0.0005572124136743085,-0.01306723334469346,0.0006947931372964594,0.003181891594995479
45,2021-10-31,0.021937957560600442,-0.007970125099441177,0.008360201504501041,0.00656548223482537
45,2021-11-30,-0.008997111685943972,-0.0023846309727841276,-0.013114823409314715,-0.002379207661127157
45,2021-12-31,0.011085658464690734,0.02148730144118347,-0.008672541105305943,0.008551610667955428
45,2022-01-31,0.021561472107541804,-0.0077918020604083255,-0.007247938284569377,-0.006276325386671916
45,2022-02-28,0.0006501875898646419,-0.001267766568239437,0.008312151981206757,0.005750288673680118
45,2022-03-31,0.02730731593151249,-0.009842238833258639,-0.0016760302976427308,-0.0024884766847805247
45,2022-04-30,0.015741387625017905,0.011750896783719666,0.0025649186350000484,0.0034691656339122445
45,2022-05-31,-0.008371557180000318,0.004903404613935796,0.0002981635171644882,-0.0012384359901734306
45,2022-06-30,0.016172014318539128,-0.01909018017214017,-0.013351768384883791,0.0023918315530357583
45,2022-07-31,0.03864319702094923,0.012681694594984215,0.011495933753559104,-0.005190061030387033
45,2022-08-31,0.0005634389798333135,0.017645215099744253,0.001297870466399383,0.0030992283875138343
45,2022-09-30,-0.012419536630089626,0.005555021110057058,0.014545627812359548,0.004107467968608998
45,2022-10-31,0.0021747461464852345,-0.020814086333273737,-0.0063593008968347445,-0.0026856530224303827
45,2022-11-30,0.0023902261377487517,0.013283396524576543,0.01475382071896899,0.0024099725484453007
45,2022-12-31,0.018395437986237727,0.0002204252453095874,0.010246778194370214,-0.0011533187257398555
45,2023-01-31,-0.014001702624224772,0.02084036925637913,0.0025335005221642,0.0003287703143355218
45,2023-02-28,-0.008782127274527098,-0.010453158643502077,0.0038439306468801148,-0.009253991215303127
45,2023-03-31,-0.0007989900264933918,-0.007690564036864769,-0.009744591967394743,-0.0034584363871034687
45,2023-04-30,-0.02897230598390021,0.011885357251789058,-0.008722770861455746,0.004200139735938414
45,2023-05-31,0.013658492505585441,0.02486212549926936,0.002439789611847544,-0.007440957901767229
45,2023-06-30,-0.0025364817145556045,0.0007788077763086798,0.010529736733296609,0.002891307843211684
45,2023-07-31,-0.03090017045334817,-0.01122248720155229,-0.010844992397376721,0.0019207865448433936
45,2023-08-31,-0.0033120804165288047,0.004238199729862597,2.9227282061832068e-05,0.0017939388329989124
45,2023-09-30,-0.0014403146256937332,0.017690388352092926,0.0017194033849534437,-0.00013865928288583326
45,2023-10-31,0.012913768897706273,0.0040964754062118025,0.0051594918604907294,0.004166241100460194
45,2023-11-30,-0.0020239336736062883,0.0006802392026070153,0.00266766012548845,-0.0010186733551859754
45,2023-12-31,0.038656815543303504,-0.01088079614771069,-0.004213947400717658,0.0012322020879525991
50,2017-01-31,-0.017937443895702305,0.012354256800099842,0.026788938044731904,0.005381490634672066
50,2017-02-28,0.013722989245062394,-0.0005133352628445561,-0.006563697786624019,0.00044989608935181835
50,2017-03-31,0.033858600109232195,-0.021300138146594687,-0.015881453422495456,-0.002628312199516842
50,2017-04-30,0.011958024217446234,0.004568286883868145,0.005194310695262221,0.008110123445847136
50,2017-05-31,-0.010245814200565258,0.02110177182782755,-0.0018724970892630853,0.001495978112414637
50,2017-06-30,-0.01984442878210728,-0.010278664131181621,-0.0022564697561232735,-0.00020704438840656798
50,2017-07-31,0.0022592258753872216,-0.012086284938849397,-0.0038942002811967855,0.0050179630051455605
50,2017-08-31,0.004593840432802953,0.008748278769718187,0.0010690908940530872,-0.0037998181177623254
50,2017-09-30,0.012303563563653927,-0.000463355495271195,0.004989079000156724,-0.0015173588396456357
50,2017-10-31,0.015468889694637968,-0.00026987848211314165,-0.009219170259239448,-0.009057915916378998
50,2017-11-30,-0.0014378905506744236,-0.00311854150812908,0.004764042953285011,0.001546452461847133
50,2017-12-31,0.019668221613126147,-0.010430189919988755,-0.000626963401027799,0.015154704852078574
50,2018-01-31,0.003362819934341302,0.007397044356760148,0.019003689289806013,-0.0035882883674382207
50,2018-02-28,-0.0017853130799919917,-0.00906619636126216,0.007982368859305929,0.005285246582788201
50,2018-03-31,0.011969671492916214,-0.01771459347250229,-0.002240511878286686,-0.001944253614872226
50,2018-04-30,-0.011684034667555257,-0.0035527143627121244,0.00968969024117987,0.009032967894115587
50,2018-05-31,0.013739845460113321,-0.005627818263588047,0.010282057455259298,0.0007951310766173913
50,2018-06-30,-0.0088746929469541,0.005912641956305769,0.007358946043245503,0.006544310165989735
50,2018-07-31,0.005452069110961411,-0.005600997055099486,-0.009076320930615618,0.004773638844031948
50,2018-08-31,-0.004045817548143195,0.006366495445865961,0.013962923949315684,0.007451920423836535
50,2018-09-30,0.030248113848484588,0.008788509733260062,-0.021562301579544602,-0.004637225591129578
50,2018-10-31,0.003916966741212473,-0.006888913620214605,-0.004345035778882743,0.011809485594141269
50,2018-11-30,-0.024920603063812573,0.008065195600974939,0.004644625573287915,0.011337498073624162
50,2018-12-31,-0.019153438420383806,0.024401266475388553,-0.004004741938763228,0.0012406975744891587
50,2019-01-31,0.022364612250800962,-0.002029923109254552,0.01721237883935862,-0.004828503929439743
50,2019-02-28,-0.0006506549957306017,-0.005138090495215419,0.0002677507455871586,-0.005169881346516388
50,2019-03-31,-0.023098427978710312,-0.022488335027956025,-0.01269382079624125,-0.0029767127813336318
50,2019-04-30,-0.009338451776946125,0.0073309219642788345,0.0030574650658430516,-0.0012215204176954158
50,2019-05-31,0.01581552450910617,-0.012982782721976054,0.009477991995421299,0.009756395450546384
50,2019-06-30,-0.04709752600100312,0.01303272818371534,0.006806254963082995,0.013938400575957983
50,2019-07-31,-0.007502832310677906,-0.0031935926276198093,0.008555945318579923,-0.008688336092655253
50,2019-08-31,-0.003133912632707112,-0.0006901664954014554,-0.002949840940569924,-0.0010987805096157705
50,2019-09-30,-0.014994316369669919,0.02547417901164019,-0.010692063004197335,0.010462991443896591
50,2019-10-31,-0.014414965985991226,-0.0022459899810949465,0.006461057131945225,-0.006193473429341347
50,2019-11-30,-0.020674977117874128,0.0027857873032704986,-0.004128987739879217,-0.0012434134904180465
50,2019-12-31,0.001380717504257614,-0.008025520600265951,0.0064883325682943555,-0.0020941509459668855
50,2020-01-31,0.01012752342471937,-0.010576431174325067,-0.010454450343719826,-0.011074585103789605
50,2020-02-29,-0.018226604279190543,0.007258761164330443,0.004964562430191775,0.004194775767344337
50,2020-03-31,-0.012665761078992782,-0.01717413354462397,0.008366118476931842,-0.011575334213646605
50,2020-04-30,0.007273374282534368,0.0038823871171950255,-0.0033014564659890893,0.007894399662989635
50,2020-05-31,-0.012814881402840136,-0.0012756681836688418,-0.0010785126457896637,-0.0021015349666670805
50,2020-06-30,0.013466824815546173,0.013301210520917366,0.003198006910145251,-0.005412760780410381
50,2020-07-31,-0.011950436112216566,0.000921260404703289,0.00900203686941416,-0.0009853674223023552
50,2020-08-31,0.001156397182149432,0.0006732778498602524,-0.010330953152994454,0.014043942695020595
50,2020-09-30,0.02108066926194064,0.0026162178816807637,-0.006403833275802749,0.00011963328238833194
50,2020-10-31,-0.011536954559409826,0.00846451217358271,-0.002096014920788194,0.0038826192165774894
50,2020-11-30,-0.0314238161424798,0.009590187392503254,0.008886806318223802,0.009680890514267983
50,2020-12-31,0.019473818808618187,-0.024687691774111755,0.018724850356139956,-0.007525948330284385
50,2021-01-31,0.024635916583140644,0.006830710163364659,0.02881970935072078,0.014973495330447893
50,2021-02-28,0.013232686632529862,0.0034457751709982927,0.006073643759989666,-0.0037621085641823034
50,2021-03-31,0.003568310217834631,-0.01954460954459411,-0.004217115281699937,0.005079789390644754
50,2021-04-30,0.01717528918743015,-0.021657179973779292,0.008663746300637553,-0.0033012530120617063
50,2021-05-31,0.00817257502681081,-0.014191287545681112,-0.015715542107857413,0.00583605674323051
50,2021-06-30,-0.0047536342739126864,0.027698415121803453,-0.009147668248329141,-0.0028308481300369477
50,2021-07-31,-0.0035322649580716067,-0.020789428449620645,-0.003209729980296637,-0.004490933232464609
50,2021-08-31,0.018270609320621755,-0.016321010900346034,0.006291506936329953,-0.006918284704416371
50,2021-09-30,-0.0021966388506339386,-0.016325354823760737,0.00030380157350011423,0.006074805550809072
50,2021-10-31,0.023929226317982784,-0.009110991904854007,0.009178443467093924,0.004974608633796054
50,2021-11-30,-0.008454715200418895,-0.004295419370252881,-0.012007901816341978,-0.003404251924415412
50,2021-12-31,0.007105651314713002,0.025551461255152043,-0.010572230552564113,0.010266158379429274
50,2022-01-31,0.023008909809524414,-0.0068500326226428295,-0.007983425403524242,-0.009426665268089872
50,2022-02-28,-0.00036131839695435124,-0.0015627074697675857,0.007598440119182337,0.007585043267275575
50,2022-03-31,0.031252807636644106,-0.010525808259322122,-0.0027583876937696612,-0.005020017118023119
50,2022-04-30,0.01783796483318379,0.007175012817798803,0.0033895351252727773,0.003627430667142167
50,2022-05-31,-0.007265209101000066,0.0015177705748240394,0.0020765650924635132,-0.00029191836351663705
50,2022-06-30,0.017426272906678985,-0.018938417061521717,-0.01464481170902505,0.0027680010148306527
50,2022-07-31,0.04052979332178454,0.013623314194801459,0.011916914821436541,-0.008046418396505465
50,2022-08-31,-0.0007975465421425198,0.01572794993317855,0.0013613535818193753,0.003784767345792694
50,2022-09-30,-0.013425955609459896,0.006839363777354357,0.0157970043423893,0.004138199565127231
50,2022-10-31,0.003440863708098619,-0.02456991700381875,-0.006499569299538861,-0.0007998834414048676
50,2022-11-30,-0.0011005473515994515,0.015049189132524895,0.01707188012039836,0.0028908150359944467
50,2022-12-31,0.015838891511945383,0.00035844941730963866,0.01341556462137172,-0.0007563259847955812
50,2023-01-31,-0.015666032329058978,0.021943987242029027,0.0020728292020053417,0.0015568168788840835
50,2023-02-28,-0.001410198726085418,-0.013587421315021329,0.005237809978216016,-0.013048295953014492
50,2023-03-31,-0.0022568322460768987,-0.007094636967255348,-0.009561680429129134,-0.002928868929583835
50,2023-04-30,-0.02594078872167085,0.010021602412482383,-0.011592754837175196,0.004103745146183411
50,2023-05-31,0.018065493498211828,0.026415079300697752,0.0013294143383631944,-0.012488406242750827
50,2023-06-30,-0.003023041485157026,3.530580295363949e-05,0.0117957627735663,0.0024823132255649824
50,2023-07-31,-0.03417441738159097,-0.010892612224661693,-0.011107044504552757,0.0037978040598453076
50,2023-08-31,-0.0038988738046858663,0.003896402625434119,-0.0006373733725016223,0.002484481467486697
50,2023-09-30,-0.003275162002765502,0.017421965676630752,0.0023702422708133633,0.0011493401491044965
50,2023-10-31,0.015929983544284983,0.006279640593087964,0.0038011885220331095,0.004083027201852813
50,2023-11-30,0.0011523258305401179,0.0009538634328214456,0.0022997763763809922,-0.0015229035958916881
50,2023-12-31,0.03707545791005655,-0.01139128836808621,-0.0037802121880033,0.0010762651834965624
